<?xml version="1.0" encoding="UTF-8"?><Broker>
<CompiledApplication>
<ConfigurableProperty uri="startMode"/>
</CompiledApplication>
<CompiledMessageFlow name="in_out_simple_mq">
<ConfigurableProperty uri="in_out_simple_mq#additionalInstances"/>
<ConfigurableProperty uri="in_out_simple_mq#notificationThresholdMsgsPerSec"/>
<ConfigurableProperty uri="in_out_simple_mq#maximumRateMsgsPerSec"/>
<ConfigurableProperty uri="in_out_simple_mq#processingTimeoutSec"/>
<ConfigurableProperty uri="in_out_simple_mq#processingTimeoutAction"/>
<ConfigurableProperty uri="in_out_simple_mq#wlmPolicy"/>
<ConfigurableProperty uri="in_out_simple_mq#commitCount"/>
<ConfigurableProperty uri="in_out_simple_mq#commitInterval"/>
<ConfigurableProperty uri="in_out_simple_mq#coordinatedTransaction"/>
<ConfigurableProperty uri="in_out_simple_mq#consumerPolicySet"/>
<ConfigurableProperty uri="in_out_simple_mq#providerPolicySet"/>
<ConfigurableProperty uri="in_out_simple_mq#consumerPolicySetBindings"/>
<ConfigurableProperty uri="in_out_simple_mq#providerPolicySetBindings"/>
<ConfigurableProperty uri="in_out_simple_mq#securityProfileName"/>
<ConfigurableProperty uri="in_out_simple_mq#monitoringProfile"/>
<ConfigurableProperty uri="in_out_simple_mq#startMode"/>
<ConfigurableProperty uri="in_out_simple_mq#startInstancesWhenFlowStarts"/>
<ConfigurableProperty override="IN" uri="in_out_simple_mq#MQ Input.queueName"/>
<ConfigurableProperty uri="in_out_simple_mq#MQ Input.connection"/>
<ConfigurableProperty uri="in_out_simple_mq#MQ Input.destinationQueueManagerName"/>
<ConfigurableProperty uri="in_out_simple_mq#MQ Input.queueManagerHostname"/>
<ConfigurableProperty uri="in_out_simple_mq#MQ Input.listenerPortNumber"/>
<ConfigurableProperty uri="in_out_simple_mq#MQ Input.channelName"/>
<ConfigurableProperty uri="in_out_simple_mq#MQ Input.securityIdentity"/>
<ConfigurableProperty uri="in_out_simple_mq#MQ Input.useSSL"/>
<ConfigurableProperty uri="in_out_simple_mq#MQ Input.SSLPeerName"/>
<ConfigurableProperty uri="in_out_simple_mq#MQ Input.SSLCipherSpec"/>
<ConfigurableProperty uri="in_out_simple_mq#MQ Input.serializationToken"/>
<ConfigurableProperty uri="in_out_simple_mq#MQ Input.topicProperty"/>
<ConfigurableProperty uri="in_out_simple_mq#MQ Input.resetBrowseTimeout"/>
<ConfigurableProperty uri="in_out_simple_mq#MQ Input.validateMaster"/>
<ConfigurableProperty uri="in_out_simple_mq#MQ Input.securityProfileName"/>
<ConfigurableProperty uri="in_out_simple_mq#MQ Input.componentLevel"/>
<ConfigurableProperty uri="in_out_simple_mq#MQ Input.additionalInstances"/>
<ConfigurableProperty override="{mqtest}:mq" uri="in_out_simple_mq#MQ Input.policyUrl"/>
<ConfigurableProperty override="OUT" uri="in_out_simple_mq#MQ Output.queueName"/>
<ConfigurableProperty uri="in_out_simple_mq#MQ Output.connection"/>
<ConfigurableProperty uri="in_out_simple_mq#MQ Output.destinationQueueManagerName"/>
<ConfigurableProperty uri="in_out_simple_mq#MQ Output.queueManagerHostname"/>
<ConfigurableProperty uri="in_out_simple_mq#MQ Output.listenerPortNumber"/>
<ConfigurableProperty uri="in_out_simple_mq#MQ Output.channelName"/>
<ConfigurableProperty uri="in_out_simple_mq#MQ Output.securityIdentity"/>
<ConfigurableProperty uri="in_out_simple_mq#MQ Output.useSSL"/>
<ConfigurableProperty uri="in_out_simple_mq#MQ Output.SSLPeerName"/>
<ConfigurableProperty uri="in_out_simple_mq#MQ Output.SSLCipherSpec"/>
<ConfigurableProperty uri="in_out_simple_mq#MQ Output.queueManagerName"/>
<ConfigurableProperty uri="in_out_simple_mq#MQ Output.replyToQMgr"/>
<ConfigurableProperty uri="in_out_simple_mq#MQ Output.replyToQ"/>
<ConfigurableProperty uri="in_out_simple_mq#MQ Output.validateMaster"/>
<ConfigurableProperty uri="in_out_simple_mq#MQ Output.securityProfileName"/>
<ConfigurableProperty override="{mqtest}:mq" uri="in_out_simple_mq#MQ Output.policyUrl"/>
<ConfigurableProperty uri="in_out_simple_mq#MQ Output.AddRequestToGroup"/>
<ConfigurableProperty uri="in_out_simple_mq#MQ Output.GroupRequestFolderName"/>
<ConfigurableProperty uri="in_out_simple_mq#MQ Output.GroupRequestTimeout"/>
</CompiledMessageFlow>
</Broker>