<?xml version="1.0" encoding="UTF-8" standalone="yes"?>
<MessagePool xmlns="http://wwww.ibm.com/iib/test/1.0.0">
    <InputMessage timestamp="1628160065098" nodeId="FCMComposite_1_3" name="new message 1" id="1628160065097-21">
        <plainText>Hi</plainText>
    </InputMessage>
    <MQInputMessage timestamp="1628233105029" nodeId="FCMComposite_1_1" name="new message 2" id="1628233105029-609">
        <plainText></plainText>
        <MessageHeader backoutCount="0" characterSet="0" encoding="0" expiry="-1" feedback="0" messageFlags="0" messageType="8" messageSequenceNumber="1" offset="0" originalLength="-1" persistence="2" priority="-1" putApplicationType="0" report="0"/>
    </MQInputMessage>
    <MQInputMessage timestamp="1628233606006" nodeId="FCMComposite_1_1" name="new message 3" id="1628233606005-643">
        <plainText></plainText>
        <MessageHeader backoutCount="0" characterSet="0" encoding="0" expiry="-1" feedback="0" messageFlags="0" messageType="8" messageSequenceNumber="1" offset="0" originalLength="-1" persistence="2" priority="-1" putApplicationType="0" report="0"/>
    </MQInputMessage>
    <MQInputMessage timestamp="1628233858109" nodeId="FCMComposite_1_1" name="new message 4" id="1628233858109-703">
        <plainText></plainText>
        <MessageHeader backoutCount="0" characterSet="0" encoding="0" expiry="-1" feedback="0" messageFlags="0" messageType="8" messageSequenceNumber="1" offset="0" originalLength="-1" persistence="2" priority="-1" putApplicationType="0" report="0"/>
    </MQInputMessage>
</MessagePool>
