<?xml version="1.0" encoding="UTF-8" standalone="yes"?>
<MessagePool xmlns="http://wwww.ibm.com/iib/test/1.0.0">
    <InputMessage timestamp="1628169613881" nodeId="FCMComposite_1_1" name="new message 1" id="1628169613881-110">
        <plainText>%3Cnote%3E%0A%09%3Cto%3Em1%3C%2Fto%3E%0A%09%3Cfrom%3Em2%3C%2Ffrom%3E%0A%09%3Cheading%3EReminder%3C%2Fheading%3E%0A%09%3Cbody%3EDon%27t+forget+me+this+weekend%21%3C%2Fbody%3E%0A%3C%2Fnote%3E</plainText>
    </InputMessage>
    <InputMessage timestamp="1628170645957" nodeId="FCMComposite_1_1" name="new message 2" id="1628170645956-165">
        <plainText>%3Cname%3EMurali%3C%2Fname%3E</plainText>
    </InputMessage>
    <InputMessage timestamp="1628171079865" nodeId="FCMComposite_1_1" name="new message 3" id="1628171079865-224">
        <plainText>%3C%3Fxml+version%3D%221.0%22+encoding%3D%22UTF-8%22%3F%3E%0A%3CSaleEnvelope%3E%0A%09%3CHeader%3E%0A%09%09%3CSaleListCount%3E1%3C%2FSaleListCount%3E%0A%09%09%3CTransformationType%3Exsl%3C%2FTransformationType%3E%0A%09%3C%2FHeader%3E%0A%09%3CSaleList%3E%0A%09%09%3CInvoice%3E%0A%09%09%09%3CInitial%3EK%3C%2FInitial%3E%0A%09%09%09%3CInitial%3EA%3C%2FInitial%3E%0A%09%09%09%3CSurname%3EBraithwaite%3C%2FSurname%3E%0A%09%09%09%3CItem%3E%0A%09%09%09%09%3CCode%3E00%3C%2FCode%3E%0A%09%09%09%09%3CCode%3E01%3C%2FCode%3E%0A%09%09%09%09%3CCode%3E02%3C%2FCode%3E%0A%09%09%09%09%3CDescription%3ETwister%3C%2FDescription%3E%0A%09%09%09%09%3CCategory%3EGames%3C%2FCategory%3E%0A%09%09%09%09%3CPrice%3E00.30%3C%2FPrice%3E%0A%09%09%09%09%3CQuantity%3E01%3C%2FQuantity%3E%0A%09%09%09%3C%2FItem%3E%0A%09%09%09%3CItem%3E%0A%09%09%09%09%3CCode%3E02%3C%2FCode%3E%0A%09%09%09%09%3CCode%3E03%3C%2FCode%3E%0A%09%09%09%09%3CCode%3E01%3C%2FCode%3E%0A%09%09%09%09%3CDescription%3EThe+Times+Newspaper%3C%2FDescription%3E%0A%09%09%09%09%3CCategory%3EBooks+and+Media%3C%2FCategory%3E%0A%09%09%09%09%3CPrice%3E00.20%3C%2FPrice%3E%0A%09%09%09%09%3CQuantity%3E01%3C%2FQuantity%3E%0A%09%09%09%3C%2FItem%3E%0A%09%09%09%3CBalance%3E00.50%3C%2FBalance%3E%0A%09%09%09%3CCurrency%3ESterling%3C%2FCurrency%3E%0A%09%09%3C%2FInvoice%3E%0A%09%09%3CInvoice%3E%0A%09%09%09%3CInitial%3ET%3C%2FInitial%3E%0A%09%09%09%3CInitial%3EJ%3C%2FInitial%3E%0A%09%09%09%3CSurname%3EDunnwin%3C%2FSurname%3E%0A%09%09%09%3CItem%3E%0A%09%09%09%09%3CCode%3E04%3C%2FCode%3E%0A%09%09%09%09%3CCode%3E05%3C%2FCode%3E%0A%09%09%09%09%3CCode%3E01%3C%2FCode%3E%0A%09%09%09%09%3CDescription%3EThe+Origin+of+Species%3C%2FDescription%3E%0A%09%09%09%09%3CCategory%3EBooks+and+Media%3C%2FCategory%3E%0A%09%09%09%09%3CPrice%3E22.34%3C%2FPrice%3E%0A%09%09%09%09%3CQuantity%3E02%3C%2FQuantity%3E%0A%09%09%09%3C%2FItem%3E%0A%09%09%09%3CItem%3E%0A%09%09%09%09%3CCode%3E06%3C%2FCode%3E%0A%09%09%09%09%3CCode%3E07%3C%2FCode%3E%0A%09%09%09%09%3CCode%3E01%3C%2FCode%3E%0A%09%09%09%09%3CDescription%3EMicroscope%3C%2FDescription%3E%0A%09%09%09%09%3CCategory%3EMiscellaneous%3C%2FCategory%3E%0A%09%09%09%09%3CPrice%3E36.20%3C%2FPrice%3E%0A%09%09%09%09%3CQuantity%3E01%3C%2FQuantity%3E%0A%09%09%09%3C%2FItem%3E%0A%09%09%09%3CBalance%3E81.84%3C%2FBalance%3E%0A%09%09%09%3CCurrency%3EEuros%3C%2FCurrency%3E%0A%09%09%3C%2FInvoice%3E%0A%09%3C%2FSaleList%3E%0A%09%3CTrailer%3E%0A%09%09%3CCompletionTime%3E12.00.00%3C%2FCompletionTime%3E%0A%09%3C%2FTrailer%3E%0A%3C%2FSaleEnvelope%3E</plainText>
    </InputMessage>
</MessagePool>
